PassengerId,Pclass,Sex,Age,SibSp,Parch,Fare,Embarked,Survived,UserToken,ProductCode
1,2,male,39.6,0,0,11.56,S,0,2wlzxr51jm33,PROD-0095
2,3,male,19.4,0,0,6.83,Q,0,f5pkc0b2firl,PROD-0557
3,2,female,46.3,1,0,9.52,S,1,gyqv7ct9u8wp,PROD-0000
4,2,female,49.1,0,0,5.0,S,1,4zcqil47bewn,PROD-0098
5,3,female,5.7,0,0,32.82,S,1,nis6yuhf4hmi,PROD-0407
6,2,female,15.5,0,3,23.93,C,0,41rj1tystsoc,PROD-0110
7,2,female,36.9,0,0,23.97,S,1,0a0jsbo0euxi,PROD-0064
8,3,male,30.3,1,0,29.05,S,1,5wh9y651n4mi,PROD-0357
9,1,female,34.7,0,0,68.74,S,0,z6viu41vpwoz,PROD-0015
10,2,female,22.2,0,0,5.0,S,1,kbotdl7ne7v5,PROD-0161
11,1,male,48.2,0,1,15.28,C,0,2pa8p1cfiiot,PROD-0385
12,2,male,46.7,0,0,7.43,S,0,anb3qm09r58o,PROD-0110
13,1,male,36.0,0,0,37.27,S,0,oxyigmha328x,PROD-0455
14,3,female,51.9,1,0,63.72,S,0,ge6jnz5t5kob,PROD-0056
15,1,female,42.0,0,0,10.17,S,1,uaps3br9so8b,PROD-0367
16,3,female,22.1,0,2,18.82,S,0,63xlwuv45w9n,PROD-0045
17,2,male,40.5,2,0,5.0,C,0,wpsnslvmcydr,PROD-0439
18,2,male,20.6,0,1,19.04,S,0,2odxp6f6jdhp,PROD-0451
19,2,male,48.2,1,0,11.1,S,1,i017v8fwsc03,PROD-0476
20,3,male,34.3,0,2,29.1,S,1,tno9xgsr6v6x,PROD-0169
21,2,female,32.2,0,0,20.09,C,1,pk53x1z963ku,PROD-0141
22,2,female,24.8,0,0,48.41,S,1,97so8d5w6n0e,PROD-0587
23,3,female,53.3,1,1,16.6,S,0,4l4yadkr2jq2,PROD-0437
24,2,female,32.7,1,0,19.11,S,0,bxl77an9ai4b,PROD-0109
25,1,female,28.6,0,0,56.13,S,1,4sb3br2r4m1d,PROD-0017
26,3,male,29.7,0,3,17.36,Q,0,8ec6n038pes4,PROD-0212
27,2,male,43.0,0,0,29.66,S,1,9odjtb1qvu6n,PROD-0399
28,1,male,40.5,0,1,7.6,S,0,x5qxlb4ss3yr,PROD-0224
29,2,male,41.2,1,0,42.64,S,1,q7mn5izy8bws,PROD-0484
30,1,male,41.5,1,1,31.0,S,1,4lz41q65l7w4,PROD-0300
31,1,male,67.1,2,1,32.2,S,1,ybu8kf2mam0n,PROD-0594
32,3,female,28.9,0,0,33.86,S,1,w6wfd3m51hqm,PROD-0522
33,1,male,27.3,1,0,28.25,S,1,mwjr1g3stfao,PROD-0282
34,3,female,22.8,0,0,5.0,C,1,fu1xlfbdash7,PROD-0500
35,3,female,44.2,0,0,11.02,C,1,jcljvdfqlvsu,PROD-0268
36,2,female,51.9,2,1,62.86,S,1,dqv3p4b74v19,PROD-0005
37,3,female,33.3,0,0,52.57,Q,1,qzirwvj729xw,PROD-0184
38,3,male,22.4,1,0,51.59,Q,0,5o30juztdbnu,PROD-0245
39,3,female,22.6,1,0,88.02,S,1,rkmxbf22obtt,PROD-0585
40,2,male,44.8,2,0,25.16,S,1,vpt6mwkwn6na,PROD-0496
41,1,female,46.1,0,1,23.32,S,1,odkvfz3qek74,PROD-0087
42,2,male,43.1,0,0,20.8,S,0,kni12uwttf4v,PROD-0000
43,2,male,25.0,1,0,5.0,S,0,ff6b7c7ic40i,PROD-0317
44,1,female,38.5,1,1,22.08,S,0,ar9jldm9home,PROD-0320
45,2,female,36.8,0,2,39.84,Q,1,vxlmkm7g7ejv,PROD-0441
46,1,male,38.3,1,0,9.9,S,0,vssoqdg7xos6,PROD-0155
47,3,female,48.1,0,2,67.06,C,0,49dygtyqrst0,PROD-0487
48,2,male,38.4,0,0,30.18,S,1,ns4ac02te8je,PROD-0247
49,1,female,45.2,2,1,35.91,S,0,smzn2xnv99ze,PROD-0200
50,1,male,36.0,0,0,28.19,C,1,tghwocvy2rc2,PROD-0252
51,1,male,39.3,0,0,51.17,S,0,4uzchew090rv,PROD-0566
52,2,male,44.5,3,0,18.58,S,0,a2olsk5x8cmm,PROD-0235
53,1,male,13.1,1,0,23.44,S,1,1lsmxakkwzus,PROD-0336
54,2,male,30.2,2,0,8.24,S,0,vqwi10xfiiih,PROD-0535
55,1,male,27.9,0,0,21.69,S,0,y40a3b8oqiij,PROD-0010
56,2,male,25.4,4,0,8.16,S,1,ey5nm3a81wxf,PROD-0321
57,2,male,30.9,0,0,54.17,S,0,l4a7poyqppvo,PROD-0425
58,2,male,57.4,0,0,25.57,S,0,94zk9htbdoqn,PROD-0542
59,2,male,22.0,0,0,25.18,S,1,gq2whd1upa7p,PROD-0036
60,1,female,49.5,1,2,48.04,S,0,srsmjbjttiih,PROD-0436
61,1,female,9.8,2,3,7.47,S,1,mxye5mbbg7lg,PROD-0481
62,1,male,30.0,1,0,7.79,S,0,6tavq3z2x956,PROD-0210
63,3,female,37.4,1,0,92.52,S,1,g1argllf51hs,PROD-0447
64,3,male,43.8,0,0,27.56,C,1,dn4lftclbnz1,PROD-0296
65,3,male,45.7,0,0,25.43,S,0,wazaq57h7plz,PROD-0394
66,2,female,46.9,0,1,5.0,S,1,hx2spind5qim,PROD-0233
67,2,female,29.8,0,0,14.9,S,1,v74g47u6puoy,PROD-0106
68,2,female,28.1,0,0,69.28,Q,1,2m4zevu418xo,PROD-0497
69,3,male,47.9,2,0,50.16,S,1,cd0v0q309xvk,PROD-0129
70,3,female,32.1,1,0,15.32,S,0,jfvdwb494e40,PROD-0112
71,3,male,15.9,1,1,31.65,S,1,b9h9ix4jrtql,PROD-0531
72,3,male,18.0,0,0,13.98,S,0,iopgzf8golj9,PROD-0561
73,2,male,21.2,0,0,18.12,S,0,si68f4qikkx6,PROD-0365
74,3,female,42.5,0,0,13.04,S,0,ehhwa36gemh8,PROD-0348
75,3,male,37.1,0,2,7.4,S,1,eo6zu4nbb7ss,PROD-0216
76,2,female,45.4,0,0,23.67,S,0,krdu3j1od2fz,PROD-0367
77,3,female,28.6,0,1,20.2,S,0,r8p5ov41myut,PROD-0365
78,1,female,37.4,0,2,92.24,C,1,yrwpuq7ykyp4,PROD-0310
79,3,female,44.4,1,0,5.0,S,0,t4oguhqyi2qh,PROD-0393
80,3,female,30.4,0,2,17.94,Q,0,ekggj47bh0zl,PROD-0332
81,1,male,41.9,0,0,43.31,C,0,vna2cdpmn811,PROD-0527
82,3,male,25.1,0,0,21.83,C,0,ke0vn3516abd,PROD-0400
83,1,female,29.6,0,0,79.57,C,1,p5jvpjy1sxur,PROD-0231
84,3,male,29.3,0,0,14.59,S,0,fstyk2kwvxjj,PROD-0393
85,3,male,17.1,0,0,5.0,S,0,jhfg081hkaz3,PROD-0138
86,2,male,42.3,0,0,64.56,S,0,h95hnygx1799,PROD-0128
87,3,male,28.0,0,0,5.0,S,0,54941h7k8bxj,PROD-0496
88,1,male,35.2,2,0,16.74,S,0,yhw0g345u170,PROD-0349
89,2,male,42.2,0,0,12.51,S,0,kybz2u4qvjes,PROD-0032
90,2,female,41.7,0,0,27.63,S,1,t13aa5rxuqss,PROD-0212
91,1,male,45.0,0,0,38.98,Q,1,m514d65wiokg,PROD-0590
92,2,female,33.5,0,3,19.23,S,1,k75ekssxi7g6,PROD-0382
93,2,female,28.7,0,2,56.54,S,1,r4g4jh6u44ag,PROD-0521
94,2,male,33.8,2,0,5.0,S,0,1ubccv2xlmnh,PROD-0328
95,2,female,9.7,0,0,11.74,S,0,1b3pw2hhd0lf,PROD-0025
96,3,female,13.3,1,0,26.2,C,0,olafky50cmx9,PROD-0107
97,2,female,15.2,0,1,14.29,S,1,pccd085l8ac9,PROD-0055
98,3,male,20.0,0,0,5.0,S,0,u7emecfau77l,PROD-0440
99,2,male,41.0,0,1,6.87,S,1,sihjx9890z79,PROD-0453
100,2,male,21.4,0,0,15.17,S,0,f0sxwg8ck2bj,PROD-0274
101,2,female,29.3,0,0,12.63,S,1,31ujd74tck5k,PROD-0434
102,2,female,54.5,3,1,39.25,Q,1,iap3uhsamh3m,PROD-0330
103,2,female,29.7,1,0,35.54,S,1,ab7ep7wfr6kd,PROD-0443
104,2,female,46.1,4,1,33.61,S,0,yk5726m7nfld,PROD-0403
105,1,female,21.0,0,0,29.17,S,1,32xfrl6bg0k3,PROD-0273
106,2,female,31.9,1,0,41.92,S,1,r27719ufzye0,PROD-0391
107,2,male,20.7,0,0,88.74,Q,1,05149pv2z788,PROD-0191
108,2,female,29.9,1,0,10.47,S,1,2hzzjy6rtdmv,PROD-0449
109,3,male,47.6,4,0,64.63,S,0,mignumobjh5d,PROD-0548
110,2,male,9.1,1,0,5.0,S,0,zrnnilyt13zd,PROD-0124
111,3,male,41.5,2,0,91.15,S,1,nqw8t4n7baz1,PROD-0400
112,3,female,38.6,1,0,5.0,S,1,eusih7ku9z9b,PROD-0066
113,3,male,26.1,0,0,5.0,S,0,iwipjt549chi,PROD-0226
114,3,male,13.3,1,0,17.1,C,0,fo8iczhv1l3b,PROD-0401
115,1,male,36.1,0,0,5.0,S,0,qpqxrnr5z82f,PROD-0166
116,2,male,27.1,2,0,5.0,S,1,7zcud9ksl96p,PROD-0141
117,1,male,38.5,1,1,5.0,C,0,ofa39od764qs,PROD-0230
118,3,female,35.3,0,0,10.03,S,1,rk8gr92hl3fw,PROD-0068
119,2,female,59.0,0,0,52.42,S,1,edsits5ds16h,PROD-0375
120,2,male,31.4,0,2,5.0,S,1,otmd2v205b28,PROD-0078
121,3,male,19.6,0,0,27.55,S,0,p4oiu3uvf6q2,PROD-0199
122,1,male,37.7,0,0,51.77,C,0,q207luvnh1lx,PROD-0187
123,2,male,38.3,1,1,6.53,S,1,ilgm1co27e2u,PROD-0580
124,3,female,55.4,0,0,10.24,S,0,tshq1l3uao9u,PROD-0595
125,1,female,47.5,1,0,151.9,S,1,y4u3g4fwagj5,PROD-0047
126,2,female,40.4,0,2,36.19,S,0,06x1gncvvfcn,PROD-0094
127,3,male,56.9,0,3,21.67,S,0,h33d5h4erq68,PROD-0439
128,1,female,17.2,0,0,55.85,C,1,rnr81o2h4zln,PROD-0179
129,2,male,25.4,2,0,5.0,S,0,d02wb0auwc7k,PROD-0386
130,2,male,21.1,0,1,46.43,S,0,hs4va0e4o67g,PROD-0552
131,3,female,29.2,0,0,41.0,Q,0,wghwjsdwr1gs,PROD-0097
132,1,female,14.3,0,0,13.59,S,1,to7nl4woflb6,PROD-0577
133,3,female,44.5,1,0,10.91,S,1,w6mnkgn1ejya,PROD-0031
134,3,female,31.7,0,0,24.7,S,1,1yjq1uo86o6i,PROD-0137
135,1,female,12.9,1,0,43.56,S,0,k7ngyzax6ock,PROD-0304
136,2,female,19.8,1,0,48.18,S,1,qrh8z384rxhd,PROD-0528
137,2,male,39.7,1,0,67.81,S,1,9f0b6ii02cvo,PROD-0332
138,3,male,47.6,0,0,6.04,S,0,wwx7a2blq89n,PROD-0083
139,2,male,65.0,0,2,8.31,S,1,vivuoinxywm1,PROD-0149
140,1,male,78.7,0,0,40.56,S,1,btlqvep0sstz,PROD-0456
141,1,male,41.2,0,0,6.05,C,0,lnl4b4s86fsw,PROD-0336
142,3,male,20.2,1,0,5.0,S,0,0cbdfcxbiugb,PROD-0007
143,2,female,3.0,0,0,7.15,C,0,ae6ev9os22px,PROD-0300
144,3,female,39.0,0,2,10.87,S,0,xvf4txk44ih4,PROD-0243
145,2,female,22.8,0,2,10.95,S,1,l8s5hvoqfh4l,PROD-0000
146,3,male,28.8,0,0,33.76,S,0,dqvo0mdfavtp,PROD-0148
147,1,female,25.8,0,0,30.45,S,1,61mqeyv5afvj,PROD-0561
148,1,male,32.9,1,0,17.78,S,0,qimz78vasnok,PROD-0422
149,3,male,51.0,0,0,38.98,S,0,4w07ftnt968e,PROD-0042
150,3,male,37.4,3,0,20.14,S,0,kyk3d3lk1gfi,PROD-0009
151,2,male,32.6,1,0,31.42,S,1,wyeimnbzix91,PROD-0207
152,2,male,19.5,0,0,94.36,S,1,dqzd18glmtmo,PROD-0278
153,2,female,9.9,0,0,42.44,S,1,hyyxpnfklw49,PROD-0272
154,2,female,27.7,0,0,9.42,S,1,y6sobet8l5h0,PROD-0418
155,1,female,34.2,0,0,5.15,S,1,e6rlwafi1oj9,PROD-0104
156,3,male,61.5,0,0,85.31,S,0,o3h430zcgakl,PROD-0028
157,2,female,37.0,2,0,32.39,S,1,mvrjgfq3hlgc,PROD-0403
158,3,female,49.7,1,0,53.58,S,1,o0zmtdeldm5o,PROD-0538
159,1,male,27.5,0,0,26.1,S,1,5m7seddq4shm,PROD-0100
160,1,female,17.2,0,0,26.18,S,1,z17j45sj6ke4,PROD-0216
161,3,male,20.5,0,0,216.18,S,0,xz1i0ol8sp49,PROD-0375
162,2,male,24.1,3,1,74.45,C,1,5jgwa4737hgd,PROD-0099
163,3,male,66.9,0,2,5.0,S,0,ixdhqoem75so,PROD-0515
164,1,male,22.7,1,0,5.68,C,1,kfkpo7vw3ip8,PROD-0135
165,3,male,47.6,1,0,13.43,S,0,ucgv37jsp7o6,PROD-0319
166,3,male,21.5,0,1,12.76,S,0,b7dvrtr9yutk,PROD-0203
167,3,male,49.0,0,0,5.89,S,0,pe39x4a3nihn,PROD-0400
168,1,female,40.8,0,0,33.24,S,1,nu5p3c20mon1,PROD-0119
169,2,male,32.7,2,0,16.67,S,0,fnk6a2kzh73e,PROD-0058
170,2,male,34.4,0,0,65.11,C,1,pv7pc60acl7i,PROD-0306
171,2,male,25.2,1,0,13.08,S,0,qojc4v3hx1il,PROD-0519
172,2,female,41.7,1,0,22.37,S,1,oa58of3u3un8,PROD-0379
173,1,female,28.2,1,0,16.42,S,1,sv44oyx378fv,PROD-0453
174,2,female,16.6,0,0,31.88,S,1,osi9ftzxodnr,PROD-0260
175,2,male,15.8,0,0,8.67,C,0,3b1vh7rx4iog,PROD-0084
176,2,male,37.6,1,0,53.05,S,1,xj8cx7r5oylz,PROD-0256
177,1,female,58.7,0,0,102.6,S,0,dds1mvwjwsfh,PROD-0592
178,2,male,37.4,2,0,5.0,Q,0,h6sk47zw2hyd,PROD-0469
179,2,female,33.2,0,0,5.0,Q,1,5b8had0pbdhd,PROD-0422
180,2,female,39.3,0,0,15.96,S,0,w2ki773h4ubf,PROD-0180
181,2,male,54.6,1,1,23.19,S,0,awxquodbnicm,PROD-0359
182,2,female,38.3,0,0,38.91,C,1,1n1gbe1ywnyp,PROD-0373
183,3,female,28.8,0,0,16.03,S,1,j1t8end3e3pk,PROD-0392
184,2,male,51.6,0,0,18.68,S,0,yzuqyew574k3,PROD-0535
185,2,male,41.4,0,1,27.89,S,0,zse6s71lfquz,PROD-0408
186,3,male,58.0,1,1,15.09,Q,0,jnagoyppuw6y,PROD-0132
187,2,female,37.7,0,1,102.42,Q,1,592fxaqma9be,PROD-0132
188,3,male,16.6,0,0,5.0,S,0,cgwsuh6imzes,PROD-0371
189,3,male,14.5,0,0,5.0,S,0,mot8t9auktdb,PROD-0519
190,1,female,59.8,3,0,22.38,S,0,qyxhqr7oboi6,PROD-0568
191,2,male,60.9,0,0,9.29,S,1,8rfpd593v38i,PROD-0365
192,3,male,32.3,3,0,51.88,C,0,0tqtuco25lvq,PROD-0317
193,3,female,29.3,2,0,12.8,S,0,yj3s6hldcvof,PROD-0489
194,2,male,56.9,0,0,6.86,S,0,y99lv3jhe6k2,PROD-0586
195,1,male,18.4,1,2,5.3,S,1,god85kb1topc,PROD-0016
196,2,male,21.6,1,0,29.03,S,0,hnzy0dod9m8a,PROD-0186
197,1,male,44.6,0,0,5.36,C,1,9vqn8ufpo0ts,PROD-0200
198,3,male,29.1,0,0,16.98,S,0,3gh3wqgm1l8r,PROD-0338
199,2,female,34.9,1,1,34.3,C,1,y8gh9at72o8p,PROD-0176
200,3,female,32.5,1,2,38.72,S,0,kc649liwejzj,PROD-0186
201,3,male,40.1,1,0,14.38,S,0,htzvqy9jtqzp,PROD-0014
202,2,female,56.1,4,2,5.0,S,0,vx6v23fxkkiy,PROD-0002
203,2,female,36.4,0,1,13.53,S,0,nphh72x09d5d,PROD-0269
204,3,female,44.7,1,1,16.3,S,1,thtpjudcnapx,PROD-0598
205,3,female,4.2,2,1,18.57,S,1,zd9wjknz1oyy,PROD-0177
206,3,female,34.3,0,0,8.19,S,0,hohp3cmlmtvg,PROD-0144
207,1,female,22.4,0,1,126.2,C,1,nov8m5pa6piy,PROD-0158
208,2,male,16.7,0,0,41.53,S,1,v623yox0gcho,PROD-0583
209,1,male,21.8,2,1,5.0,S,0,3elnue8oks12,PROD-0398
210,3,male,30.0,0,0,5.0,C,0,opph348lyfr0,PROD-0391
211,2,male,48.7,1,1,17.93,S,0,57wysoal71nb,PROD-0113
212,2,female,15.1,0,2,48.04,C,1,zp9std9kc9qy,PROD-0542
213,1,male,35.5,0,0,5.0,S,1,irismasxtwut,PROD-0118
214,2,male,27.7,1,3,48.42,S,1,b1htjaod1tti,PROD-0580
215,3,male,30.1,0,0,32.12,S,1,z0w0casxss50,PROD-0571
216,1,male,50.0,2,0,50.08,C,0,fgqombelr4sy,PROD-0340
217,1,female,43.1,0,0,51.87,S,0,fl46rzkxdol1,PROD-0520
218,3,female,55.1,2,1,41.61,S,0,g90yghdltyzb,PROD-0599
219,3,male,32.7,0,0,28.38,Q,1,47n1eid54r99,PROD-0348
220,1,male,24.6,4,0,62.8,S,0,uzeovqjav5c1,PROD-0460
221,2,male,31.6,1,0,30.0,C,1,qfixv9dpxv7p,PROD-0354
222,3,male,38.6,0,0,25.56,S,0,qd67hy34p0en,PROD-0314
223,3,female,37.6,0,0,22.51,Q,1,ef84n0z7awxs,PROD-0200
224,2,female,18.7,0,1,42.01,C,0,q5346j0mpthj,PROD-0392
225,2,male,36.4,0,0,10.46,Q,1,0i882otiw7fd,PROD-0160
226,2,male,38.4,1,1,128.81,S,1,24hq5x1k3av9,PROD-0116
227,1,female,72.8,0,0,48.29,C,0,3jzpybz008bt,PROD-0165
228,3,female,63.2,0,3,5.37,C,0,unjamwgjpfrk,PROD-0006
229,1,male,22.2,0,0,38.09,S,1,lp4mr8mpzx8i,PROD-0560
230,1,male,30.7,0,0,39.57,S,0,lmzhlnk188fk,PROD-0154
231,3,male,13.0,1,0,5.0,Q,0,yhrhalagstw3,PROD-0479
232,3,female,26.1,0,0,16.82,S,1,ro14o3vt53x0,PROD-0260
233,3,male,39.7,1,0,10.27,S,0,kp21q4x2ek0m,PROD-0203
234,2,male,53.1,4,1,6.04,S,0,ol83smvt8fhu,PROD-0136
235,2,female,24.1,0,0,8.85,S,1,qesbendd4nay,PROD-0492
236,2,female,25.2,0,0,41.08,C,1,tuxifyvy2rly,PROD-0308
237,2,male,2.8,0,0,21.13,S,1,4tbtvxvptd65,PROD-0269
238,2,male,32.6,0,3,10.46,S,1,tgo3pxibsewc,PROD-0394
239,2,male,19.1,0,0,6.92,C,0,co6lix9c4x3s,PROD-0481
240,2,female,27.1,2,0,54.08,S,1,ied6znkrncyn,PROD-0393
241,3,male,21.8,1,0,18.5,S,0,5ttier4afmkk,PROD-0280
242,3,female,33.6,0,0,36.25,S,1,wwgd765076ng,PROD-0536
243,1,female,8.6,1,0,16.67,C,1,kg9wl87ckab6,PROD-0537
244,2,male,13.0,0,0,8.96,Q,1,kn0cigfbep1f,PROD-0579
245,1,female,66.9,1,0,42.03,S,0,w9lpafrujl5k,PROD-0054
246,2,male,15.7,0,0,21.7,S,1,tkddykkghhhn,PROD-0534
247,2,male,18.5,1,0,31.02,S,1,bacvrhz2h7as,PROD-0115
248,1,female,62.6,2,0,56.75,S,0,dxb1khv5lg4i,PROD-0372
249,3,male,78.6,1,2,77.25,S,0,9e2smikidj2c,PROD-0394
250,2,male,17.4,2,0,38.24,S,1,6g3u405keeg8,PROD-0123
251,3,male,29.5,0,0,29.29,S,0,v5bj17pfzq96,PROD-0004
252,1,male,40.1,1,0,47.74,S,1,shwmekncm4ol,PROD-0566
253,1,male,60.9,0,0,9.71,S,1,sf0p80me3l0z,PROD-0534
254,2,female,20.2,1,1,11.66,C,1,r4esan73k7sf,PROD-0104
255,1,female,31.3,0,0,39.31,S,0,odt354tq91zy,PROD-0360
256,2,female,46.7,0,0,11.59,S,0,v2x4ysfhjzea,PROD-0090
257,3,female,41.5,0,0,11.41,S,1,j0e3ocqw67t9,PROD-0339
258,1,male,29.4,0,0,63.79,C,0,523i90z860ah,PROD-0190
259,1,female,33.0,1,2,50.76,S,1,gr2h2x376o0e,PROD-0451
260,2,male,14.4,1,0,11.96,S,1,tospfocqcpl5,PROD-0344
261,2,male,31.4,2,0,18.18,S,0,iwl25ss40d3j,PROD-0298
262,2,female,31.0,0,1,52.3,S,1,a0g97hksqtkj,PROD-0408
263,2,male,38.5,2,1,5.0,Q,0,hu1kqlku18vk,PROD-0285
264,3,male,26.7,0,0,38.28,S,0,hu71s1n1fbwo,PROD-0007
265,1,male,42.1,0,0,5.63,S,0,knzgfrdrk7ne,PROD-0357
266,2,male,50.2,1,0,58.61,C,1,2r931yzhbohi,PROD-0466
267,3,male,37.3,0,1,19.23,S,0,9zjgtf7liiau,PROD-0294
268,3,male,40.3,0,1,5.27,S,0,ktr8sjufvrj6,PROD-0105
269,2,female,35.8,0,0,5.0,S,1,fp9hbcthuh3q,PROD-0004
270,2,male,35.0,0,1,5.0,S,1,toqbzob1xx5m,PROD-0177
271,1,male,24.2,1,0,11.91,S,0,1hj8swax2ass,PROD-0460
272,1,male,39.7,0,0,46.13,C,0,t809jxv7u1a4,PROD-0193
273,1,female,33.5,0,0,5.0,C,1,mlsfu147kx3d,PROD-0573
274,3,male,66.4,0,1,40.12,C,0,rg19iz1jhy0d,PROD-0199
275,2,male,58.6,0,0,67.12,S,1,2z9c8ed5r3jf,PROD-0256
276,3,male,40.8,1,0,12.87,S,0,js2qfhfqo6y0,PROD-0456
277,1,female,23.6,2,0,40.12,S,1,0zie3lqx3ylp,PROD-0368
278,3,female,18.3,1,1,5.0,Q,1,vub815adivc4,PROD-0024
279,3,female,52.9,2,1,5.0,C,0,3f040fjv3c3n,PROD-0045
280,1,female,38.9,0,0,8.57,S,1,f00kklt3jdk0,PROD-0117
281,1,male,42.2,1,0,16.63,S,1,xhumocalb3rj,PROD-0522
282,1,male,8.8,0,2,37.15,C,1,6nwzhgrpr8fu,PROD-0013
283,3,male,48.9,0,1,52.19,Q,1,2oa48mhgnflt,PROD-0042
284,1,male,41.8,1,0,14.27,C,0,x6571g442azf,PROD-0466
285,2,male,18.3,0,0,21.58,S,0,b4u0oqzisfu9,PROD-0373
286,2,male,27.9,2,2,120.46,S,1,7xy540d7aday,PROD-0590
287,3,male,39.0,1,2,23.78,S,0,67st6x4qxzsd,PROD-0131
288,2,female,35.8,3,0,15.98,S,0,rybbk29vbr30,PROD-0395
289,2,male,30.6,0,0,51.72,Q,1,xptckyjeqwdf,PROD-0080
290,3,female,33.4,0,0,163.8,S,1,zfuthin8fup4,PROD-0354
291,1,female,31.2,1,1,16.19,S,1,2lgalzgz92mf,PROD-0063
292,3,male,37.3,0,0,33.11,S,0,5b8giobeqm05,PROD-0544
293,1,male,57.1,0,0,73.85,S,0,dj2v5qnkhdl9,PROD-0249
294,2,female,1.0,1,0,13.41,S,0,4dmtu9s52rrn,PROD-0152
295,3,female,31.4,3,2,17.66,S,0,i5ychsbk6lh1,PROD-0590
296,3,male,37.6,1,2,23.35,C,1,47p1owlm0h4u,PROD-0039
297,3,male,39.4,0,2,25.71,S,1,s01xsqtsnffi,PROD-0479
298,2,female,29.4,0,0,40.14,S,1,h64xeg3armkt,PROD-0305
299,2,female,8.6,0,1,36.02,S,1,sb4cvrp3uf54,PROD-0412
300,2,male,39.9,0,1,16.38,S,0,728awueuqgmy,PROD-0156
301,2,male,60.9,0,0,77.04,S,0,45kw9bfjszoj,PROD-0528
302,2,female,12.0,0,0,17.07,C,1,5h9k22lplxfz,PROD-0270
303,2,male,48.0,0,3,8.07,S,0,aikpd6zjuqzu,PROD-0251
304,2,female,30.1,0,0,29.31,Q,1,v7c9zspwvubn,PROD-0273
305,2,male,34.1,0,0,55.05,S,0,ey0d6m5yjttj,PROD-0177
306,2,male,19.2,0,0,9.38,S,0,nds8zme5nvy1,PROD-0191
307,1,male,30.0,0,1,26.85,S,1,jckjx5xtf1t0,PROD-0084
308,3,male,54.5,1,0,11.98,S,1,ac99txjypr60,PROD-0291
309,2,female,43.7,0,1,5.0,C,0,phuoo7i3q9hb,PROD-0284
310,1,male,61.0,2,0,8.34,S,0,wukhl59a927w,PROD-0228
311,3,female,52.7,0,1,35.13,S,1,z43jt37oq276,PROD-0591
312,3,male,41.6,0,0,42.16,S,0,ghsgrvdcp966,PROD-0067
313,1,female,61.2,0,1,7.94,C,1,rw0aq8lfom5c,PROD-0546
314,1,female,41.6,0,1,29.85,S,0,2qprwuywde3f,PROD-0520
315,1,female,47.4,0,0,16.83,C,1,00w9co9zygrf,PROD-0013
316,1,male,30.6,1,0,27.86,S,1,5m02tcc0k367,PROD-0420
317,3,female,36.0,2,1,5.0,C,0,dp6a0t9fr3gl,PROD-0125
318,3,male,24.5,0,0,5.0,S,0,a21ufrld6fm0,PROD-0024
319,1,female,49.8,0,0,6.51,S,1,zpizxka2q48r,PROD-0516
320,3,male,17.3,1,0,10.26,Q,1,j9knx8ken30y,PROD-0069
321,1,male,46.7,0,2,16.43,S,1,usog68w4qhvl,PROD-0179
322,2,male,32.1,0,0,17.1,S,1,tjef3xxu3zns,PROD-0057
323,3,female,52.6,1,0,16.73,S,1,58zvhd0s2bc0,PROD-0085
324,2,female,46.3,0,3,5.0,S,1,j7tqvegcdet7,PROD-0037
325,1,male,62.3,1,0,86.71,S,0,alox3arxnnzz,PROD-0505
326,2,female,46.0,0,0,12.58,S,0,pocqxbeyiath,PROD-0035
327,3,female,11.4,0,0,24.09,C,0,17evvrutu25g,PROD-0455
328,2,male,34.0,0,0,59.53,C,1,aphr63nmoukv,PROD-0094
329,1,male,17.4,1,0,5.0,S,1,jmssccil4nfv,PROD-0548
330,1,female,27.2,0,1,25.11,S,0,ppwmmp4dep94,PROD-0508
331,2,female,57.7,1,0,14.93,C,0,fgybxsptz5nz,PROD-0377
332,2,male,44.6,1,1,50.35,S,0,abz2n2ysbbgr,PROD-0496
333,3,female,24.5,1,0,19.77,S,1,la1kjvohv0er,PROD-0179
334,3,male,19.8,0,0,12.98,S,1,xws0qva5drzh,PROD-0469
335,3,female,35.5,0,0,5.0,S,0,ahwvqzxwu4xt,PROD-0132
336,3,female,16.8,0,0,81.06,S,1,3rjp4w4y185g,PROD-0368
337,1,female,24.9,0,1,5.0,C,1,l0t3t8i71sl6,PROD-0551
338,2,male,39.7,2,0,29.33,Q,0,03mc0b8fevu0,PROD-0434
339,2,male,52.3,0,0,11.13,S,0,34zgrbxs97yh,PROD-0161
340,2,male,44.1,2,0,98.86,S,0,7ggf3sftzequ,PROD-0443
341,3,male,1.0,0,1,5.0,S,1,xxbni7y0y1nk,PROD-0529
342,3,female,39.6,0,0,81.3,S,0,2kmrv0dcusu4,PROD-0533
343,3,male,36.1,0,1,124.08,C,0,h9n9r1ufj5kt,PROD-0443
344,2,male,41.2,1,0,9.48,S,1,qofyqe53mipt,PROD-0439
345,2,male,59.2,0,0,5.0,Q,0,c659qpyxe235,PROD-0470
346,2,male,4.1,0,1,31.89,S,0,g16dp3tvyxhk,PROD-0441
347,1,male,26.1,1,0,9.18,S,0,6emwnn1yvzd6,PROD-0080
348,1,female,43.9,0,0,11.76,S,1,qzawkp5r5kbu,PROD-0482
349,2,female,11.3,0,2,40.58,S,0,25ttnjouvbjk,PROD-0107
350,1,male,57.1,0,0,63.57,C,0,pu6jbrbi3k51,PROD-0333
351,3,female,40.5,0,0,27.9,S,1,xb2omrvbnx0s,PROD-0203
352,1,female,47.7,0,0,49.28,S,1,kxi40vz0uh0m,PROD-0127
353,1,male,26.4,0,0,5.0,S,1,szp30nwexbol,PROD-0169
354,3,female,47.2,1,1,75.12,S,1,4xoqtdap4h6s,PROD-0050
355,1,male,51.0,0,0,5.0,C,0,1d2zqnp55oj9,PROD-0263
356,3,male,38.5,0,2,5.0,S,0,x9engyvz5pmz,PROD-0251
357,3,male,38.5,0,0,9.16,S,1,ww104zbnww0j,PROD-0242
358,1,male,39.1,0,2,22.48,S,0,ua95fjb5e20w,PROD-0055
359,3,female,22.0,0,1,5.47,S,1,dzl3czmln2ab,PROD-0364
360,2,female,32.8,0,2,77.31,S,1,ru0bpoh25r7t,PROD-0101
361,3,female,32.7,0,0,7.57,S,0,ga7rjhfcdor7,PROD-0513
362,3,female,40.8,0,0,64.36,S,0,atr86qedcte0,PROD-0014
363,3,female,50.0,2,0,74.9,S,0,xl1eibtkte1q,PROD-0033
364,2,female,19.1,1,0,17.06,S,1,4sgei2udkfti,PROD-0180
365,2,male,33.1,0,0,67.41,Q,1,eh1o5alnldao,PROD-0244
366,3,male,57.2,0,1,49.94,S,1,6hvrdfljpghp,PROD-0581
367,3,female,23.8,0,0,15.66,S,1,2ti2kgjat8gf,PROD-0315
368,2,male,22.7,1,1,50.32,S,1,koaowxcn9gdf,PROD-0227
369,3,male,38.0,0,0,34.57,S,0,zcshvtlei9vz,PROD-0502
370,2,male,47.7,0,2,9.94,C,1,cldk7bk6rydi,PROD-0144
371,3,female,35.2,0,0,111.52,S,0,8av60hw3aq1k,PROD-0538
372,3,male,54.9,0,0,29.13,S,0,btofxf4ivdce,PROD-0242
373,1,male,47.9,0,1,56.01,Q,0,x4r993u8mgzp,PROD-0187
374,1,male,47.6,2,1,16.92,C,0,aiw8trtuli84,PROD-0180
375,2,male,43.3,2,1,32.1,C,1,p9l9xzrpx81u,PROD-0005
376,2,female,69.9,0,2,8.52,S,1,38kf3ikm99gm,PROD-0404
377,2,male,31.9,0,0,11.0,S,0,am7jrvbnhsdv,PROD-0346
378,1,female,4.9,0,1,43.02,S,1,30vtpjfqxh6m,PROD-0380
379,2,female,59.1,0,0,61.02,S,1,izy2ctxahshn,PROD-0391
380,2,male,28.1,0,0,123.0,S,1,z4ejybu7p7y6,PROD-0016
381,2,female,36.6,0,0,20.99,C,1,jth83rswbjjc,PROD-0526
382,3,female,54.6,1,0,5.0,S,1,dql8oi3nztlk,PROD-0306
383,3,female,11.0,3,0,5.5,S,1,g4r6fqofaeen,PROD-0414
384,2,male,16.2,1,1,5.73,S,1,d08s6x97jo2k,PROD-0021
385,3,male,11.0,1,0,100.13,S,1,7jmj1u2iwulr,PROD-0456
386,2,female,23.1,0,2,11.21,S,0,l5l3i3fk57f5,PROD-0406
387,2,female,41.6,0,0,11.68,C,1,0eonnz5cr6q5,PROD-0221
388,2,female,42.9,0,0,81.33,S,1,orzf52bcs0rx,PROD-0561
389,1,female,39.1,0,0,23.74,C,0,fj41ddzxx08z,PROD-0390
390,2,male,13.8,0,0,12.94,S,1,r1p9cfze0n10,PROD-0544
391,2,female,1.0,1,0,5.0,S,1,idltlss6i4o8,PROD-0492
392,3,male,35.8,0,1,5.0,S,0,5aakna2zqm14,PROD-0123
393,3,female,27.9,0,0,7.36,C,0,j52x2ik6d5rz,PROD-0597
394,1,male,41.9,0,0,8.04,S,1,3tzq5ipjj167,PROD-0445
395,2,male,45.5,3,1,18.21,S,0,xy9gyb78tn7o,PROD-0113
396,1,female,37.1,0,0,27.17,S,0,lxuzl37yo2f6,PROD-0475
397,3,female,46.4,0,1,8.41,C,1,xlpmvhm02lzc,PROD-0257
398,3,female,38.4,0,1,26.01,S,1,uz4fmqwegf22,PROD-0518
399,2,male,43.0,1,0,16.82,C,1,ju7znhx4cgkl,PROD-0103
400,2,male,24.4,4,0,53.39,Q,0,v5szxlooiq7c,PROD-0155
401,2,female,32.3,0,0,22.99,C,1,zys2sc57b1zm,PROD-0208
402,2,male,38.0,2,0,21.0,S,1,fbhqguj4qg7z,PROD-0270
403,3,male,47.3,0,0,14.49,S,0,mrc780ec9ob3,PROD-0378
404,3,female,29.1,1,2,20.05,Q,1,m1ke7f03le18,PROD-0132
405,2,male,42.8,0,0,10.95,S,0,fkpxzpmaee27,PROD-0423
406,2,female,31.0,0,1,8.63,S,1,l6c0s7ayffqg,PROD-0014
407,1,male,33.2,1,0,25.98,S,0,isrb27ar2yh5,PROD-0198
408,1,female,47.4,0,0,12.19,C,1,yn5qvaaw9k7g,PROD-0395
409,1,female,5.1,0,0,11.63,S,1,xv3634emqimc,PROD-0158
410,2,female,15.6,1,0,95.78,S,1,7b0ge43txlrb,PROD-0258
411,3,female,12.8,3,3,34.75,S,0,n8xv6amn2o03,PROD-0363
412,2,male,1.0,0,0,15.23,C,1,o5whoesneueo,PROD-0148
413,1,female,24.8,1,0,33.26,S,0,zvyy0vmlkpga,PROD-0578
414,1,female,46.2,1,0,53.98,C,1,c1lwfyukdulw,PROD-0508
415,2,female,30.7,0,0,118.73,C,1,u6cecy5qw4o1,PROD-0582
416,3,female,38.0,2,2,25.06,Q,1,drh0c0l8dgbb,PROD-0297
417,2,female,51.3,0,2,5.0,C,0,a3t8327m1i6f,PROD-0206
418,3,female,54.9,1,2,21.5,S,1,rx5iog2ias17,PROD-0596
419,3,female,34.0,0,0,5.0,S,1,wwv3x12n8jq3,PROD-0437
420,1,male,55.3,0,0,102.54,S,1,ng6rrqwf8g67,PROD-0476
421,2,male,36.4,0,1,5.0,Q,1,nzc2es1pqtiq,PROD-0109
422,3,female,22.4,0,0,5.0,S,0,11e2w4i4e6oy,PROD-0521
423,2,male,26.1,2,0,69.34,S,0,99qj9ou7tq75,PROD-0316
424,1,female,12.8,4,0,17.31,C,0,88t2ofxh84io,PROD-0463
425,3,female,21.7,0,0,21.64,S,1,8fftdqe0dcf0,PROD-0495
426,3,male,29.6,0,1,17.56,C,0,h75aege34tjb,PROD-0063
427,2,female,47.1,0,0,79.61,S,1,g9bxds0qw8qt,PROD-0059
428,2,female,60.8,0,2,26.17,S,1,ag3pyu32501x,PROD-0039
429,1,female,14.3,0,0,19.29,S,1,80wxyv7wgt72,PROD-0385
430,3,male,40.9,2,0,5.0,S,0,f22rdwm0n4em,PROD-0549
431,2,female,19.4,1,0,87.85,S,1,dznlin3cgtq4,PROD-0018
432,1,male,42.1,0,0,7.89,Q,0,yh1aefu1te0u,PROD-0082
433,3,female,33.0,0,0,82.91,S,1,bmzwn8pws11m,PROD-0291
434,3,male,7.5,1,0,5.0,S,1,wnpf57tqs3hz,PROD-0234
435,3,female,48.9,0,0,61.28,C,1,9etktfpb13ah,PROD-0061
436,2,female,25.9,0,1,16.84,C,1,p2be01d1pze5,PROD-0365
437,1,female,27.0,0,0,130.02,S,1,yrzqc9jqtdq1,PROD-0543
438,3,male,19.0,0,0,53.28,Q,0,qqpt7yzf20zx,PROD-0127
439,3,female,25.2,0,0,5.0,S,0,v4dcih5rg9gq,PROD-0001
440,2,female,41.4,1,1,5.0,S,0,v646vyx204dg,PROD-0135
441,2,male,32.2,0,0,11.81,S,0,1wz2q7itvrty,PROD-0110
442,2,female,39.9,0,0,105.07,C,1,ivojvk4zfmsy,PROD-0279
443,2,female,40.4,0,0,26.93,S,1,hmjjiu9wxh9u,PROD-0064
444,1,female,54.8,2,0,26.51,S,1,qtqgcex1dl2t,PROD-0216
445,1,female,29.9,0,0,53.46,C,1,1m8m2hve51up,PROD-0071
446,1,female,12.8,0,0,36.91,S,1,6vrnevpiqvwc,PROD-0405
447,3,female,51.0,0,3,35.68,S,1,tbpjvf1u8oqx,PROD-0281
448,1,female,30.0,0,0,57.56,C,0,5h5rbpzkimss,PROD-0045
449,1,male,51.7,0,0,25.44,S,0,xgrshypbczou,PROD-0026
450,2,male,40.8,1,0,39.59,S,1,k3z1k7xhz5ii,PROD-0293
451,1,female,33.0,0,0,14.91,S,1,ojbt421nu1qg,PROD-0355
452,1,male,40.2,0,0,22.61,Q,1,pimq8m5elgh5,PROD-0104
453,2,female,64.3,0,0,29.16,S,1,iqe8l310cyn9,PROD-0194
454,2,male,66.2,1,0,15.06,S,0,3qhd472waj0f,PROD-0364
455,2,male,36.0,2,0,51.73,S,1,8my6kxn1kisf,PROD-0282
456,3,male,37.4,1,0,71.46,S,1,1iaof6t5q58e,PROD-0069
457,1,male,51.1,0,2,5.52,Q,1,1o51m8pp3lrw,PROD-0234
458,3,male,22.3,1,0,55.17,S,0,jd49t20w7y5n,PROD-0118
459,3,male,40.0,1,0,5.0,S,0,usiur34moymj,PROD-0556
460,3,female,34.6,0,2,7.07,S,1,5nm0yg8vh29o,PROD-0482
461,2,male,39.7,0,1,25.41,S,1,vi1tgwfilgpq,PROD-0187
462,2,male,22.5,1,0,57.95,S,1,tld8y44vckw8,PROD-0141
463,2,male,11.2,0,1,109.62,Q,1,zykggn2ph9l1,PROD-0080
464,3,male,3.9,1,0,31.28,S,1,jdsw2tqfby5l,PROD-0442
465,1,male,18.2,0,0,5.0,S,1,ofigltjmujdi,PROD-0550
466,3,female,28.1,0,1,45.78,S,1,dl78nd9hm75u,PROD-0163
467,2,female,30.6,0,1,6.95,S,0,hp5hwle6osp9,PROD-0383
468,3,male,64.1,1,0,7.55,S,0,n7n4ddm9859u,PROD-0141
469,2,female,51.6,2,0,5.0,S,0,8q3i6we8cukn,PROD-0550
470,1,male,20.6,0,0,19.87,S,1,nbdozt1fih9e,PROD-0179
471,2,male,40.2,0,0,12.1,C,1,91k04b59dsa9,PROD-0057
472,2,female,28.9,0,2,61.35,C,0,0e1muq80n0bs,PROD-0528
473,2,male,30.7,0,0,37.94,S,1,z50hg25h31a9,PROD-0567
474,2,female,37.8,4,0,13.17,Q,0,wiqw47vy5pv5,PROD-0238
475,1,male,44.3,0,0,10.88,S,0,tngl706saka3,PROD-0544
476,2,male,29.9,0,0,21.54,S,0,ni8yeltnpj30,PROD-0146
477,2,male,51.0,0,0,8.62,C,0,9e5tbmh3xp8q,PROD-0162
478,3,male,17.9,4,3,5.0,S,0,ijtya344qwqa,PROD-0321
479,1,female,35.1,0,0,13.24,S,1,vqs3dq0d4civ,PROD-0360
480,2,male,74.0,1,0,8.68,C,1,o2isdy0wl1vs,PROD-0231
481,2,female,38.3,0,0,39.23,S,1,okel2vu2xaid,PROD-0479
482,2,female,56.5,0,0,31.74,C,0,mgv5wrki6esn,PROD-0474
483,2,female,36.4,1,0,7.74,S,0,qcfbg3gbzn4k,PROD-0072
484,2,male,43.7,0,0,59.79,C,1,dpjjsmbosdew,PROD-0594
485,3,male,34.1,1,0,24.8,S,1,zf8toso4vl6o,PROD-0095
486,2,male,32.4,0,0,90.39,S,0,4ip1qmkpguyh,PROD-0315
487,3,female,23.3,1,1,44.64,S,0,0hypc3cymcrv,PROD-0253
488,1,male,41.5,1,0,69.68,C,1,cyf1tzmw5sc6,PROD-0271
489,2,female,22.2,1,0,95.35,S,1,maye7pzodw4z,PROD-0077
490,2,female,45.0,0,0,15.48,C,0,8jels5gi0zyl,PROD-0205
491,1,male,51.3,1,0,33.02,S,0,yc6btpwey49z,PROD-0018
492,2,female,40.5,4,2,5.2,S,0,ji63p5z00re0,PROD-0584
493,3,male,30.7,0,0,8.35,S,0,qhhtpxhqlrr4,PROD-0086
494,3,female,41.8,0,0,6.86,S,1,dh1ccafmjq8s,PROD-0289
495,2,male,30.4,1,0,18.54,Q,0,uhwfvav0sd2j,PROD-0129
496,2,female,49.0,0,2,37.39,S,1,z894rqth0f6g,PROD-0106
497,2,female,7.5,1,0,25.32,S,0,zz2o3duarv5p,PROD-0234
498,1,female,30.0,1,0,5.0,S,1,bschxqzs3h13,PROD-0581
499,1,male,5.1,0,0,7.27,S,0,ctlxp1rwoz1e,PROD-0286
500,3,female,12.6,0,0,37.48,S,0,tmwtnebkxc4p,PROD-0576
501,3,male,55.5,0,1,30.47,C,0,7xdfmqou81vu,PROD-0496
502,1,female,48.4,0,0,9.57,S,0,sjlmkqrh9wde,PROD-0261
503,2,male,24.2,2,0,10.96,S,0,fbxz5vzfejda,PROD-0540
504,3,male,12.5,0,0,45.29,S,1,jf8iobmagv3w,PROD-0208
505,3,male,1.0,0,1,21.99,S,1,6sekhxwzkk21,PROD-0300
506,2,male,26.8,1,0,27.27,S,1,ldzrnv5vy4wh,PROD-0408
507,2,male,71.3,0,0,17.08,S,0,bqypma1u7i9z,PROD-0353
508,3,female,41.5,1,3,40.9,S,0,pkkn8mwm7gf6,PROD-0497
509,3,male,26.6,0,0,66.89,C,1,0viqsnptettu,PROD-0097
510,1,female,42.0,0,1,100.62,Q,1,xe3missr8hg2,PROD-0299
511,3,male,11.6,0,1,33.7,Q,1,7e4uo3855aqh,PROD-0398
512,1,female,30.5,1,1,15.5,C,1,3act8sa6nofq,PROD-0198
513,3,female,36.5,1,0,5.0,S,0,lnkokzsvympx,PROD-0520
514,1,male,33.7,1,0,5.0,C,1,ppm4jtwxmlz7,PROD-0180
515,1,female,46.9,4,1,92.74,S,1,ndasmmvak7jz,PROD-0180
516,1,female,40.2,1,1,40.52,S,1,dtw0555p5y6a,PROD-0195
517,2,female,45.0,1,2,14.89,S,1,9xznsxg0q5rq,PROD-0405
518,2,male,24.7,0,0,28.69,S,1,dip8153daswk,PROD-0070
519,1,male,48.5,2,0,56.66,Q,0,rkirn9aa7tkz,PROD-0085
520,2,female,59.4,1,0,116.57,C,1,ku0qh6fjor2s,PROD-0467
521,2,male,20.4,2,0,6.64,S,0,qpx97qfldmry,PROD-0124
522,3,female,21.7,0,0,27.21,S,1,3n9rqfyshvmd,PROD-0062
523,3,male,55.0,0,1,47.75,S,0,3l0t8961tdaj,PROD-0158
524,3,female,32.1,1,0,139.46,S,1,9kn5v6q53wyf,PROD-0238
525,1,male,56.1,0,0,42.62,C,0,5x1sja69qpty,PROD-0019
526,2,male,28.4,0,0,29.29,Q,0,7dkr0rbxqhaf,PROD-0500
527,3,female,56.8,3,0,34.6,S,0,mc1ts1z7harw,PROD-0070
528,1,female,37.0,0,2,10.6,S,1,pftmoxzdsu57,PROD-0242
529,2,female,38.9,0,0,34.44,S,0,8c5uwkpi1y2l,PROD-0121
530,3,female,58.5,0,0,59.48,S,1,iik1ibsysepp,PROD-0176
531,3,male,29.6,0,0,9.27,S,0,u9qj6x65qumk,PROD-0027
532,2,male,20.9,1,0,80.76,S,0,jdjiydmjzrro,PROD-0568
533,3,male,28.3,2,0,5.0,S,0,oi56mrc5fr6n,PROD-0562
534,2,male,41.8,4,2,14.63,S,0,6y299ugnf48p,PROD-0075
535,3,male,11.5,1,2,5.44,S,0,uxy414mord8a,PROD-0118
536,1,female,44.6,1,0,5.0,C,0,8opuaq055hpj,PROD-0530
537,1,male,26.9,0,0,110.31,S,0,uovmixbagf2u,PROD-0248
538,2,male,52.2,2,0,9.53,C,0,qohuh55y7txp,PROD-0037
539,1,male,1.0,0,0,21.62,S,1,3sk4hc0uu8mv,PROD-0081
540,3,male,23.2,0,0,29.48,S,1,iaemzpdyosza,PROD-0248
541,2,male,9.7,3,1,5.0,S,0,9owwrxk2yjga,PROD-0334
542,3,female,22.6,2,0,10.34,S,0,o2k6ibxg07na,PROD-0379
543,3,male,38.7,0,1,9.77,S,0,v254welxsl67,PROD-0091
544,2,female,32.3,1,0,11.18,S,0,s6uzxaxvwzjw,PROD-0222
545,3,female,31.2,0,0,19.78,S,1,804p6wj424zo,PROD-0156
546,2,female,32.6,0,0,12.17,Q,1,d0txx6eh62hc,PROD-0320
547,2,female,38.1,0,0,50.56,S,0,977oknpra6tv,PROD-0192
548,1,male,19.9,0,0,21.64,S,1,phgkd4obi230,PROD-0122
549,3,male,45.6,0,1,15.69,C,0,tw4lz1wts90q,PROD-0489
550,3,male,44.9,0,0,7.78,S,0,vysl87x8rt5k,PROD-0341
551,3,female,40.8,0,0,43.08,S,0,a8jfwwjvnh2c,PROD-0284
552,3,female,43.3,0,0,14.6,C,1,yg0nqn23nkxn,PROD-0080
553,3,male,39.4,2,0,14.74,S,0,ap3r3qd33pr4,PROD-0042
554,1,male,65.5,1,0,99.87,S,1,5tx1b3pxiy29,PROD-0477
555,3,female,33.7,2,0,5.0,S,1,hdl1dtktm8n1,PROD-0581
556,2,female,30.4,0,0,15.75,S,1,vjhltrvvrx90,PROD-0350
557,2,female,23.7,1,0,27.71,C,1,qt90y08524np,PROD-0023
558,2,female,19.5,1,1,41.42,S,0,mzix0q3pihms,PROD-0289
559,2,female,16.3,0,1,39.69,S,0,h1wp5ihovdvr,PROD-0168
560,2,female,21.7,0,0,9.74,S,1,2ipql3g49327,PROD-0032
561,1,male,33.9,0,0,5.0,S,0,anqpy3ia36i6,PROD-0085
562,1,male,40.0,0,0,33.16,S,0,cb928yzvzd2k,PROD-0299
563,2,female,35.8,0,0,26.73,S,0,6yi663o730bw,PROD-0256
564,3,female,23.5,0,0,5.0,C,0,m1zs3jumaf7k,PROD-0338
565,2,male,48.5,0,0,21.21,S,0,roin7rwintk4,PROD-0416
566,2,female,46.1,1,0,6.16,C,1,sy0ddx2rf7mx,PROD-0159
567,2,male,32.6,0,0,5.0,S,1,ga828h1zvpui,PROD-0171
568,2,female,25.2,0,0,25.59,S,1,1is2yoyhkm9a,PROD-0406
569,1,male,43.2,1,1,33.63,S,0,j4vgxr8jfb86,PROD-0118
570,3,female,37.8,0,0,29.04,C,0,no3tqyrpix0r,PROD-0046
571,1,male,13.3,0,0,11.04,S,1,hooa2v3rdaqb,PROD-0512
572,3,male,34.0,0,0,27.77,S,1,970iqg642vhi,PROD-0125
573,3,male,38.9,0,1,18.32,C,0,wifl3uyzpiru,PROD-0072
574,2,female,21.5,0,1,21.58,S,1,k6ojyzrgyt4o,PROD-0442
575,3,male,37.8,0,0,38.19,S,0,kllv3ybjibyn,PROD-0319
576,2,male,13.2,0,0,27.13,S,0,ri83co1b8w40,PROD-0088
577,3,female,55.0,4,0,29.88,S,1,24eajbzxq6g5,PROD-0510
578,3,male,53.7,2,0,49.26,S,1,ygwkuhmz01aw,PROD-0147
579,3,male,31.2,0,0,13.85,S,0,fnj69wvpklst,PROD-0405
580,3,male,40.5,0,0,22.25,Q,0,4orslqptdait,PROD-0390
581,3,female,1.0,0,0,31.08,S,1,g28xo0jsh1ws,PROD-0497
582,3,male,17.7,1,2,53.39,S,0,qo0alwto4g7o,PROD-0437
583,2,male,30.6,1,0,8.87,Q,1,sonmt0872whf,PROD-0421
584,3,male,18.9,0,0,44.04,S,0,ghl97uarpojb,PROD-0030
585,3,male,45.7,0,0,9.68,S,1,cx8vz10tfdly,PROD-0562
586,2,male,65.0,0,0,11.92,S,1,nxk2vwm87q84,PROD-0075
587,3,male,17.4,2,0,16.5,S,0,8h2g31ewjicz,PROD-0152
588,2,male,22.4,2,2,5.0,S,0,cxm1pt01so0o,PROD-0267
589,2,male,38.5,0,1,64.73,Q,0,c2kq8m7kt2tf,PROD-0173
590,1,female,59.2,0,0,59.21,C,1,m7z3sbf0tns9,PROD-0355
591,1,male,16.7,0,1,92.12,S,1,a8jo5q5s3rpd,PROD-0031
592,3,male,38.7,1,0,27.02,S,0,vwwaeqrkjwmh,PROD-0272
593,2,female,62.3,2,0,34.07,C,0,tkqxo026zjz8,PROD-0209
594,2,female,10.2,0,0,10.59,S,1,ntrbvsx5fu0i,PROD-0388
595,1,female,15.8,0,0,5.0,C,0,dueftb55bt02,PROD-0311
596,2,male,28.6,0,0,39.87,S,1,jnnxiazji3y3,PROD-0453
597,3,male,27.2,0,1,6.6,S,0,m3ha7v8ca9mo,PROD-0098
598,3,male,47.2,1,0,8.66,C,0,mdhwcem564kb,PROD-0569
599,1,male,38.6,0,2,149.41,S,1,ng3wbqtyt9bq,PROD-0235
600,2,male,8.4,2,0,5.0,S,0,g5c0lukurpe2,PROD-0209
601,2,female,42.7,0,1,5.0,C,1,hhpzpg7q26y7,PROD-0328
602,2,male,26.3,0,0,5.0,S,0,e7nd2pgp9xnk,PROD-0097
603,2,female,54.1,0,1,32.03,S,1,zfdsj1liey7z,PROD-0488
604,2,male,25.6,0,0,13.42,S,0,6xefn3o778f2,PROD-0158
605,2,male,25.5,0,0,12.16,S,1,hsy5cx8os9z3,PROD-0556
606,2,female,43.1,1,0,23.9,S,1,a2umzd3594vm,PROD-0088
607,2,female,46.4,0,2,5.0,S,1,jzq0x6oo960y,PROD-0518
608,2,male,41.7,0,0,5.0,S,1,n967etep8t1g,PROD-0236
609,3,female,9.7,0,0,74.72,C,0,6qcwhpuq2xs4,PROD-0364
610,3,male,43.1,0,1,63.68,S,0,silacfhcpyou,PROD-0523
611,2,male,19.5,2,0,24.88,S,0,5vb6jk4blo73,PROD-0077
612,3,female,38.5,2,1,73.51,S,0,iwotggejwwgf,PROD-0208
613,3,male,13.6,0,0,5.0,C,0,n6gw672r1uqt,PROD-0569
614,1,male,41.7,1,0,24.25,S,0,ov771ascf37l,PROD-0089
615,2,male,22.9,1,0,34.31,C,0,u30waxk9lq13,PROD-0061
616,2,male,15.8,4,0,55.61,S,1,tqkf4nr7ffo1,PROD-0313
617,3,male,45.7,0,0,25.8,S,0,s1y189xwkxck,PROD-0014
618,1,male,38.6,0,0,25.26,Q,0,kk1f6wbsqb0d,PROD-0595
619,3,female,25.8,0,0,10.35,C,0,206l74gfq9e7,PROD-0542
620,2,female,56.8,2,1,33.01,S,1,tw8hgwlgdv8j,PROD-0112
621,2,male,28.4,1,2,5.0,S,1,u71jbbmv56m4,PROD-0103
622,3,male,35.5,0,0,58.56,S,1,ysa2a0uhbcpq,PROD-0466
623,2,female,39.0,0,0,20.37,S,1,e7ngz1uras7s,PROD-0312
624,3,male,25.7,1,0,5.0,C,0,upti24kezskj,PROD-0494
625,3,male,42.1,2,1,10.73,C,1,8qqzdlrsnxjh,PROD-0580
626,3,female,27.0,0,1,18.71,S,1,bf70tozdalvv,PROD-0240
627,1,male,28.8,1,0,105.21,S,1,tom0stv46r8r,PROD-0152
628,3,male,55.4,0,0,33.83,S,0,nmocrmblei2s,PROD-0371
629,1,male,19.4,0,2,47.11,S,0,sx96gndlg0xu,PROD-0381
630,2,male,1.0,0,1,138.86,C,1,x2pg7bjoqq2c,PROD-0259
631,3,male,59.2,1,0,41.11,S,0,bzjkb8xp4yt0,PROD-0179
632,3,female,73.2,3,1,5.0,S,1,zbsfe4h5rqv6,PROD-0157
633,2,male,28.9,0,0,37.18,S,0,bijdwt4fmoye,PROD-0312
634,2,female,5.9,0,0,44.55,Q,1,lkm4g1uqvkhv,PROD-0255
635,3,female,30.3,0,1,11.33,S,0,mbrxl2bfj9qn,PROD-0274
636,3,male,30.7,0,0,5.31,S,0,6gmc72dwcy85,PROD-0057
637,2,male,32.2,0,0,24.45,S,0,o3optes481ch,PROD-0528
638,3,male,18.3,0,2,186.7,S,1,8vsor79ytdmc,PROD-0424
639,1,female,43.7,0,1,45.99,S,1,51nn6nqo93j8,PROD-0551
640,1,male,42.9,0,0,61.45,S,1,a2gux6lb9880,PROD-0497
641,2,female,12.6,0,0,44.39,S,1,8qln7og7lk8n,PROD-0371
642,3,female,45.5,1,1,12.74,S,1,qu9560wjmlou,PROD-0184
643,1,female,65.8,0,0,28.74,C,0,zyqoii1qld1r,PROD-0392
644,1,female,37.6,1,3,87.95,S,1,hp5peb1i993s,PROD-0339
645,1,female,29.9,2,1,10.77,S,1,asplvo24i62m,PROD-0554
646,3,female,32.9,0,0,5.0,S,1,6yyq7hwc48x9,PROD-0139
647,1,female,44.2,0,0,228.44,C,1,5p6gwlfpzg11,PROD-0015
648,2,female,9.0,0,1,14.99,C,1,9tpmdfdqbcyt,PROD-0076
649,3,female,37.5,0,3,139.02,C,1,ghp8ua08wspv,PROD-0105
650,1,female,29.1,0,0,26.88,S,0,9ld6kkwahhsy,PROD-0398
651,2,male,62.7,0,0,24.77,S,0,n1g77duuwnj7,PROD-0087
652,2,female,32.4,0,1,31.72,S,1,weuc0oyi768q,PROD-0080
653,3,male,60.0,0,0,25.96,S,0,r9bq3gvqmqfv,PROD-0238
654,2,female,18.4,0,0,98.6,S,1,tnw2v7885xpk,PROD-0469
655,2,male,43.8,1,2,16.26,S,0,v59m8xydfh97,PROD-0254
656,1,female,39.8,0,1,5.0,S,0,c8yhei523kcl,PROD-0163
657,3,female,22.0,0,2,58.7,S,1,rmkmvtgzsoc4,PROD-0170
658,3,female,37.7,1,0,34.48,S,1,6x4uz2babzoe,PROD-0491
659,1,male,53.2,0,0,5.0,S,1,obp523wowaqf,PROD-0259
660,2,female,30.1,1,2,34.22,C,1,fdugey8w8hl1,PROD-0221
661,3,female,9.6,0,0,50.0,S,1,kszb8g283sn4,PROD-0464
662,1,female,34.7,0,0,11.44,C,1,54plosb3fpv0,PROD-0221
663,2,female,21.5,2,2,15.87,S,1,5cd791fpgiu5,PROD-0214
664,2,female,29.9,0,1,5.0,C,1,1dayv8z1p9uy,PROD-0450
665,2,female,33.8,0,2,10.26,C,1,ad1zej2m3ec2,PROD-0196
666,2,male,9.4,2,0,33.91,S,0,bxz3fsts1wfm,PROD-0306
667,2,female,10.8,1,2,5.0,Q,1,t8gd5izxa8k0,PROD-0398
668,1,male,42.2,1,0,44.95,S,0,vxgw1i6ibjum,PROD-0120
669,2,female,27.2,0,0,87.29,S,1,bugpi5xaxz53,PROD-0077
670,3,female,1.0,0,2,5.0,C,1,hx6t1h1402cz,PROD-0510
671,2,male,46.8,1,0,17.48,S,0,oflk4itdjy2d,PROD-0178
672,1,male,39.1,0,1,7.09,S,0,1qo5qmu34y9v,PROD-0204
673,3,male,24.3,0,0,19.92,S,0,5yzgbsh040p3,PROD-0353
674,1,female,15.2,1,1,47.61,S,0,nehxr1983en7,PROD-0061
675,3,male,47.5,0,2,32.09,S,0,j9vu44cp3bb8,PROD-0027
676,2,male,40.2,0,1,15.75,S,0,jefd3c97pq8k,PROD-0249
677,3,female,70.7,0,0,6.39,S,0,vvx31wa9b9ou,PROD-0580
678,1,male,41.3,0,0,121.13,S,1,97rlkof3dmij,PROD-0344
679,1,female,40.8,1,2,9.22,S,0,ffufwmo4ufpb,PROD-0347
680,2,male,32.5,2,2,10.88,S,1,m69kr8w0nni3,PROD-0365
681,1,male,47.3,0,2,5.0,S,0,bir06auze1d3,PROD-0516
682,1,male,44.4,0,0,133.55,S,0,f8z0q6yratcj,PROD-0501
683,3,male,53.8,0,0,45.64,S,0,hlla5fzm4wua,PROD-0014
684,3,male,27.2,0,1,59.77,C,0,2tt65idscbsd,PROD-0324
685,1,female,28.5,0,1,58.14,C,0,m95p8zoumxoe,PROD-0327
686,3,male,27.8,2,0,16.0,S,0,8c6nlzwm7gbs,PROD-0134
687,3,male,46.9,0,0,17.72,S,0,sl6jf1po3z3w,PROD-0585
688,3,male,57.5,0,0,50.36,C,1,wy3n50djomrn,PROD-0156
689,3,male,28.1,4,0,38.56,C,1,vth5cj2t7557,PROD-0500
690,3,female,28.6,0,0,5.0,S,1,h4m705oecies,PROD-0060
691,2,male,39.7,2,0,20.71,S,0,aexcaish5j9u,PROD-0361
692,3,female,31.3,0,0,98.1,S,1,yk2rbjfu72ds,PROD-0441
693,3,male,49.3,0,2,27.75,S,0,ak68a2kyfz0i,PROD-0302
694,1,male,1.2,2,1,30.32,C,1,dm693pv6osao,PROD-0063
695,2,male,22.6,0,2,9.2,S,1,wlfnj92ap8sz,PROD-0074
696,1,male,23.3,0,0,120.83,S,1,wp27ll8dfzw7,PROD-0363
697,3,female,1.0,0,0,73.42,S,1,g9umcdwhyx01,PROD-0517
698,2,male,20.5,1,0,21.49,C,0,lk40mefpt9v2,PROD-0358
699,3,male,21.3,0,0,13.24,S,0,40zugnl9nthz,PROD-0060
700,3,female,32.0,0,0,9.75,C,0,z22y6bchjeqg,PROD-0471
701,3,female,51.7,1,1,15.8,S,0,9odxoy0jxggh,PROD-0275
702,1,female,31.3,1,1,5.0,S,1,wwihyque6tnn,PROD-0044
703,3,female,19.5,0,1,8.44,S,1,7wib7x4d6wyi,PROD-0220
704,3,female,34.1,0,0,5.0,S,1,wsca3l8r4s8y,PROD-0121
705,1,female,50.7,0,0,59.16,Q,0,9f62nsw9mh4m,PROD-0591
706,3,female,20.4,0,0,5.0,S,0,8dqyrglw4do3,PROD-0545
707,2,male,21.3,0,0,5.0,S,0,lh4a0snwo91a,PROD-0063
708,2,female,43.4,0,1,58.54,S,1,860s8hwpi6gn,PROD-0343
709,2,male,31.7,0,0,23.33,S,0,eapg9o8tw9vz,PROD-0004
710,2,female,44.7,0,1,38.81,S,1,xkekpij90t27,PROD-0274
711,1,female,34.8,1,0,52.14,C,1,lenbozdgau97,PROD-0093
712,1,male,45.5,0,3,20.57,S,0,02ccgqvhcxz2,PROD-0448
713,1,female,19.5,4,3,40.45,S,1,0fa1lhwo3hki,PROD-0043
714,2,female,34.8,2,0,22.05,S,1,czwt186piwxy,PROD-0541
715,2,male,31.8,0,1,113.82,S,1,gktnqf6w2dbk,PROD-0138
716,1,male,16.8,3,0,50.72,S,1,2byefiio7n88,PROD-0157
717,3,female,11.5,2,1,10.86,S,0,qu83cysdfers,PROD-0531
718,3,female,45.3,0,1,21.55,S,0,clfh89hcatkh,PROD-0540
719,2,male,29.7,1,1,6.65,S,0,6lcepbkv6ivf,PROD-0057
720,3,male,19.7,0,1,38.15,C,0,5u5lz3fkpiy0,PROD-0065
721,2,female,33.6,1,0,8.35,C,1,5oiq2mo93t5f,PROD-0512
722,3,male,51.9,0,1,21.81,S,0,7w7ebnykpsh5,PROD-0586
723,1,male,1.0,0,1,22.55,S,1,295s0ym2eu9t,PROD-0293
724,3,male,12.6,0,0,24.54,S,1,s02w9k1i2ins,PROD-0098
725,3,male,21.2,3,0,8.56,S,0,1403u5fztkn8,PROD-0091
726,3,female,56.9,0,1,22.41,S,0,21s613kb0vvi,PROD-0159
727,2,female,39.2,0,0,56.28,S,1,inj6h9okub2a,PROD-0411
728,2,female,46.5,0,0,8.92,C,1,ar11b1a9xecv,PROD-0057
729,2,female,17.9,0,2,12.83,S,0,wxs5ybg9gp4u,PROD-0384
730,3,male,18.2,1,0,36.21,S,1,uxfyhz1wa1vv,PROD-0482
731,3,male,41.7,1,0,6.87,S,0,2sjpq9t0ohcx,PROD-0086
732,3,male,35.9,0,0,91.04,S,1,t9j1w41tw60o,PROD-0590
733,2,male,43.2,0,0,43.57,S,0,t8h76qnjonhq,PROD-0592
734,1,male,32.2,0,1,43.71,S,1,cvo9k66cshl2,PROD-0178
735,2,male,39.2,0,0,37.66,S,0,wcweo1qxn9e9,PROD-0067
736,1,male,37.4,1,0,11.17,C,1,2jfyi5upnm13,PROD-0195
737,1,male,46.7,1,1,18.29,C,0,mn45wmbkep6o,PROD-0155
738,2,female,47.1,0,1,21.52,S,0,ixqwuedt75qr,PROD-0167
739,3,female,10.7,0,1,23.11,Q,1,m52g17774uu3,PROD-0554
740,1,female,1.3,0,0,41.58,S,0,qzejl7bqfo9a,PROD-0092
741,1,female,50.0,0,1,11.26,C,1,nvl1hqr36r30,PROD-0190
742,1,female,52.8,0,0,18.2,S,1,tzmjohmfjroi,PROD-0472
743,3,male,19.7,1,0,104.89,S,1,i4pwqfvx5fqg,PROD-0034
744,3,female,7.1,0,0,86.07,S,1,5hfbh25mxyn4,PROD-0036
745,1,male,36.5,2,1,10.74,S,1,h1f560u97l54,PROD-0181
746,1,male,49.0,0,0,33.08,S,0,cehrhnekvee4,PROD-0580
747,2,male,62.0,0,1,7.45,S,0,s25bwcct7cs6,PROD-0503
748,2,male,42.7,0,0,12.32,S,0,ko89wd5zm3nz,PROD-0556
749,2,male,29.4,0,0,11.74,S,0,nl2yzyder5d9,PROD-0518
750,2,female,21.6,0,0,32.16,S,0,x9xbupkd0zcb,PROD-0071
751,3,female,35.2,0,0,79.54,Q,1,qzfmfmfw5nrl,PROD-0240
752,2,female,30.5,1,1,19.12,S,1,pqy9uc3er2y1,PROD-0317
753,3,female,19.8,0,1,90.84,Q,1,20c3koccsb5a,PROD-0099
754,1,male,65.7,1,1,66.87,S,1,p0czzxtr7x4o,PROD-0595
755,3,male,61.8,1,0,22.64,S,0,mu86n6bv0g8x,PROD-0361
756,3,female,52.0,0,0,34.2,S,0,yjk1wptojgky,PROD-0511
757,3,male,21.2,0,0,28.77,S,1,50tt9gw02pe1,PROD-0155
758,2,male,47.8,0,1,53.84,S,0,m780xke11q6w,PROD-0429
759,1,male,44.6,0,0,27.04,C,1,x4u0a932ftvj,PROD-0063
760,3,female,41.6,1,0,21.45,S,0,az9yyl8s2886,PROD-0013
761,3,female,53.7,2,1,27.5,C,1,rgg7xwqe8a9m,PROD-0384
762,1,male,44.5,0,0,26.05,S,0,lw8dnh7dehmc,PROD-0041
763,2,female,46.1,0,0,8.88,S,0,464pa93mudod,PROD-0165
764,2,male,44.6,1,0,5.0,S,1,j5vle54cgdrm,PROD-0476
765,3,male,40.1,1,0,15.19,Q,0,4gwfy7ap8fau,PROD-0298
766,3,male,8.2,0,0,13.42,S,0,xixv76xahtv2,PROD-0225
767,2,male,36.3,1,0,179.13,S,1,imfb6f1ls2f4,PROD-0174
768,2,female,26.7,0,1,25.1,S,1,78t4js7ofx2h,PROD-0401
769,2,male,15.8,0,0,26.6,S,0,4egmhee702bg,PROD-0572
770,2,female,60.2,0,0,32.67,Q,0,3ensjbzohrda,PROD-0443
771,1,male,60.9,0,0,35.49,C,0,qloofr73o7m0,PROD-0215
772,3,female,55.4,2,0,5.27,S,0,j0k594tb282c,PROD-0253
773,2,female,38.8,0,0,19.51,Q,1,ip2hp6e8sdlw,PROD-0061
774,2,female,55.3,0,0,5.0,C,1,32k13oh7ixdb,PROD-0086
775,1,female,35.2,0,0,5.0,S,1,aoczw5t73gcd,PROD-0160
776,1,female,38.0,0,0,21.81,S,1,hrdo8hm4fydv,PROD-0232
777,2,male,18.6,0,2,119.57,S,1,nyhbgm0eewq1,PROD-0594
778,1,female,41.0,0,2,19.25,S,1,jj578ocvkors,PROD-0522
779,1,female,35.9,1,0,5.0,S,1,1aa59y0xkwwn,PROD-0067
780,3,male,15.5,0,0,10.38,S,1,sjfvf94uohun,PROD-0198
781,2,male,34.2,1,1,6.1,Q,0,4cof99yx18qi,PROD-0033
782,2,male,33.8,0,3,38.79,Q,0,1rc6nhit65s0,PROD-0037
783,2,male,62.0,1,1,11.5,S,0,tkm8p17fszwt,PROD-0224
784,3,male,48.4,1,0,31.17,S,0,fu2al7691p4z,PROD-0575
785,2,male,35.2,0,0,16.59,S,0,42ujeq65q27q,PROD-0111
786,3,female,38.7,0,0,30.96,S,1,ko5jk8b87drh,PROD-0408
787,3,male,35.7,2,1,28.74,S,0,gazqdukxqwtp,PROD-0235
788,3,female,32.0,0,0,65.99,S,1,bxnksk5p8cnr,PROD-0324
789,2,male,18.8,1,0,11.05,S,1,xxke6eo83ryb,PROD-0521
790,3,female,32.7,0,0,12.78,S,0,o55jml1vllup,PROD-0497
791,2,male,23.8,0,0,19.44,S,0,0uu26zpok99a,PROD-0496
792,2,male,16.2,0,0,22.27,S,0,amzjlcbnitn3,PROD-0246
793,2,male,42.7,2,0,6.95,C,1,96cbl1x3j8fq,PROD-0029
794,2,female,40.9,0,0,24.1,S,1,onr2d078411b,PROD-0591
795,1,male,8.2,1,1,39.99,S,1,vldtvlet8835,PROD-0596
796,2,female,33.2,1,0,9.01,S,0,695jv4q3e5yt,PROD-0514
797,1,male,49.9,0,0,64.5,S,0,i3mmalrw6p3q,PROD-0286
798,2,female,50.9,0,1,53.51,S,1,hzab92t21dba,PROD-0168
799,2,male,50.4,0,1,49.55,S,1,wjkhfj4urmjg,PROD-0104
800,3,female,35.6,0,0,41.81,S,1,ri8k9jcvy9pt,PROD-0222
801,1,male,22.3,1,0,31.98,S,0,ora13ytecxzw,PROD-0200
802,2,male,18.7,0,0,19.91,S,1,wwtotj7hkaif,PROD-0165
803,2,male,40.2,0,0,33.0,S,1,m6opwcr8cj87,PROD-0570
804,1,male,40.7,1,0,57.63,S,1,jfdj9fu6nasv,PROD-0395
805,1,male,54.3,0,0,17.1,S,1,vksz699q2y3z,PROD-0133
806,1,female,51.5,0,0,5.48,S,1,vk6ywzpvgvbb,PROD-0383
807,1,male,33.0,0,0,94.44,S,1,nox7ycuy11p8,PROD-0423
808,2,male,16.3,0,0,77.97,S,0,kfzwaincncz1,PROD-0313
809,2,female,30.2,1,0,13.49,S,0,u18lup2kfon8,PROD-0568
810,2,male,38.3,0,1,15.02,S,0,dr8d03cxetb4,PROD-0579
811,1,male,32.0,0,0,47.14,S,0,vrxjfpftp1fk,PROD-0259
812,1,female,26.3,0,0,17.6,S,1,lwxql7zcq2fg,PROD-0283
813,1,female,38.8,0,0,18.15,S,1,xsd2eay42mvw,PROD-0130
814,2,female,27.4,1,1,23.69,S,1,u90gg001e8rm,PROD-0470
815,2,male,25.6,0,2,8.15,C,0,tsnvdtv0wqky,PROD-0558
816,2,female,39.7,2,0,24.96,Q,1,uyw079x9b706,PROD-0394
817,1,male,29.0,1,0,7.33,Q,1,bqn7fhw7f62e,PROD-0120
818,1,female,38.7,0,0,13.41,S,1,nupif4a2pceh,PROD-0310
819,3,female,39.1,1,0,10.35,S,1,ldm30ixgvsx5,PROD-0476
820,1,female,17.9,0,1,5.0,S,1,v0lsmsnb9apf,PROD-0025
821,1,male,27.8,4,0,62.97,S,0,zf2ws23pirgk,PROD-0354
822,1,male,56.6,0,2,12.0,S,0,3zbvl6kiallf,PROD-0394
823,3,female,17.6,0,0,11.08,S,0,ga68sa6pvu1m,PROD-0322
824,2,male,3.3,0,0,198.12,S,1,412zctm5tyzb,PROD-0385
825,2,male,7.1,0,1,27.14,S,1,pjxhvp7ao4x7,PROD-0537
826,3,female,35.4,1,0,5.0,S,1,c8h0gtwr679n,PROD-0074
827,1,female,35.5,0,1,17.07,S,1,8cngswrvdmcg,PROD-0342
828,3,male,33.2,0,0,12.62,Q,0,3gdttdh03foj,PROD-0477
829,1,male,53.2,0,1,19.74,S,1,a1tbm9gqbjy8,PROD-0493
830,2,male,1.0,2,0,6.32,S,0,4yyoig88bvpq,PROD-0280
831,2,male,40.9,1,0,5.74,Q,1,5o3rboi98kqf,PROD-0598
832,2,male,58.4,0,1,5.0,S,0,3f2dr09ldvsl,PROD-0194
833,3,female,18.1,0,0,38.79,S,1,ajqhl11bbigi,PROD-0264
834,1,female,29.3,0,0,5.0,S,0,uwcf51im18l0,PROD-0494
835,3,male,23.7,2,1,46.48,S,0,st15wglxzfno,PROD-0263
836,2,male,21.6,1,0,5.28,S,0,i28f3354cwil,PROD-0206
837,2,female,30.1,0,2,43.57,C,1,w1446cwsvtxk,PROD-0333
838,3,female,56.4,2,0,38.63,C,0,wuu802o1ptkf,PROD-0373
839,1,female,62.6,0,0,33.29,C,0,eb8v7jp9sixu,PROD-0581
840,3,male,30.0,1,0,5.0,Q,0,zvtb5g105yej,PROD-0370
841,2,female,63.6,0,0,13.17,S,1,6eezch6wdqdr,PROD-0111
842,3,male,35.5,0,2,32.06,C,0,jzlyyoza5psp,PROD-0031
843,1,male,61.3,0,0,5.0,S,1,eatznw7ixp0s,PROD-0580
844,2,female,33.6,0,0,11.4,S,1,q10g3a1te22v,PROD-0253
845,3,male,37.0,2,0,15.49,C,0,uryl19ra2f5m,PROD-0120
846,2,male,40.5,0,0,63.06,C,0,r09mlk3eph8a,PROD-0133
847,1,male,80.0,1,0,8.04,C,0,5defg38ypfg0,PROD-0063
848,1,male,47.8,1,1,6.62,S,0,gbqcokvgw96e,PROD-0119
849,3,male,24.4,1,1,102.59,S,1,50hwc3e3ws0z,PROD-0468
850,1,female,49.5,2,1,13.71,S,0,59ypjjzj3ft6,PROD-0392
851,3,male,29.6,0,0,13.78,S,0,6huy6zqob61i,PROD-0359
852,3,male,27.7,0,0,43.25,C,0,l4gdqv1v6iqd,PROD-0006
853,1,female,48.6,0,0,36.86,C,1,86l6nzybhpyl,PROD-0403
854,1,male,35.5,0,1,17.43,S,0,1as0e9jpukui,PROD-0581
855,3,female,39.2,2,0,28.94,S,0,0w293zpftiuy,PROD-0553
856,1,male,35.2,0,0,12.21,S,0,8la1gcn7suw2,PROD-0237
857,2,female,40.0,0,0,35.84,S,1,d6rjgjoqae02,PROD-0360
858,3,male,41.4,0,1,5.0,S,1,ujdu82i4ei3o,PROD-0179
859,2,female,5.9,0,1,5.0,Q,1,byzrd1h5dow3,PROD-0533
860,2,male,45.0,1,1,13.21,S,1,hpr4ir5lgeti,PROD-0551
861,3,female,20.3,0,0,5.0,Q,0,22xko7xl31w8,PROD-0133
862,2,male,13.4,1,3,7.84,S,1,wt9veaka3u0v,PROD-0292
863,1,female,34.1,1,0,22.28,C,1,ln8xj69rx84x,PROD-0141
864,2,male,36.3,1,0,12.81,S,1,qake1vpn5o1v,PROD-0368
865,3,male,24.6,0,0,5.0,S,1,gvvc1c8qxgfe,PROD-0175
866,3,male,47.5,1,0,187.16,S,1,taoukfj6omxw,PROD-0417
867,2,male,14.9,0,0,58.82,S,1,g0vrpe6p8g8g,PROD-0588
868,2,male,28.9,0,0,9.01,C,1,39ghf2zklz5j,PROD-0522
869,1,female,26.2,1,0,55.2,S,1,dkni23wr0ne9,PROD-0109
870,1,male,34.3,1,0,77.25,S,1,f16pxw5bozug,PROD-0077
871,1,male,39.2,0,1,41.74,S,0,1ei4thls5e0j,PROD-0488
872,3,male,19.9,2,1,5.0,S,1,v2n89er0061c,PROD-0048
873,1,male,45.9,0,0,25.05,S,0,uqhacz9whja9,PROD-0240
874,3,male,35.9,0,0,22.12,S,0,x6skklw1o92s,PROD-0596
875,1,female,6.6,4,1,23.0,S,1,777rljxdigt0,PROD-0268
876,2,male,5.6,0,0,5.0,S,0,hwmo7at81px1,PROD-0005
877,2,female,34.8,1,0,37.7,C,1,q5alyy46arhj,PROD-0585
878,2,male,31.7,0,0,64.05,C,0,au036dvdtiwg,PROD-0424
879,3,male,33.4,1,0,5.0,S,0,pca25py5axgf,PROD-0198
880,3,female,34.6,1,0,9.5,S,1,n48dpiqscg1c,PROD-0366
881,3,male,38.4,1,0,5.0,C,0,re3xtasvz7rv,PROD-0367
882,1,male,49.2,0,0,52.16,S,0,01gnlqvassrv,PROD-0331
883,3,female,18.3,1,0,144.34,Q,1,jz109f7shjz2,PROD-0576
884,1,female,17.4,0,0,5.0,S,0,jp6paney4vyc,PROD-0471
885,3,female,18.6,4,0,68.61,S,1,piyxc1x2e63f,PROD-0155
886,2,male,39.3,0,0,17.67,S,0,wax5fcjars1n,PROD-0595
887,2,female,53.7,0,0,86.8,S,1,jexeag9t2z7v,PROD-0577
888,1,female,28.5,2,0,112.8,S,1,9ynqu503csak,PROD-0028
889,1,female,1.0,0,0,48.63,S,1,027vii9zrr0u,PROD-0178
890,1,male,9.4,0,0,5.0,S,1,4v78on2vn9d7,PROD-0368
891,3,male,22.5,1,0,23.94,C,0,dkjsvaylpcab,PROD-0527
892,3,male,26.6,0,0,5.67,S,1,5yqg4hgzt3dz,PROD-0430
893,3,male,28.9,0,0,141.95,S,1,9apag9b3hwo8,PROD-0344
894,1,female,35.6,0,0,19.23,S,0,g3b2nnm57i72,PROD-0183
895,2,male,30.3,0,0,7.61,S,0,kcyfkxap6h6y,PROD-0058
896,2,male,50.7,0,1,10.71,S,1,ab5onjnc4le3,PROD-0535
897,2,male,24.9,0,0,101.19,S,0,8u90yobkfphj,PROD-0319
898,2,male,22.1,0,1,5.0,S,0,q79zczgas7pe,PROD-0274
899,2,male,42.2,0,0,39.38,S,0,tda99ja4y53v,PROD-0587
900,2,male,12.0,0,0,66.35,S,1,tti8j2iojmuf,PROD-0098
901,1,male,40.8,1,1,15.59,S,1,wb6yqk5vlh72,PROD-0152
902,2,female,36.5,1,0,32.78,C,1,zxr4wox4pusa,PROD-0512
903,3,male,32.8,0,0,24.4,S,1,u4m6k099eivk,PROD-0170
904,1,male,58.8,0,0,18.34,S,0,01o7kqfrbkhn,PROD-0565
905,3,male,25.7,2,3,15.38,Q,1,sjegdh8ha0tc,PROD-0514
906,2,male,65.9,0,2,5.0,S,0,3o19gaixa7dk,PROD-0059
907,3,male,31.6,0,0,10.22,S,0,8d2tx92i3joz,PROD-0274
908,3,male,15.8,0,1,5.83,C,0,07uvphw36tcr,PROD-0451
909,3,male,36.0,0,0,18.19,S,0,r8063ztlzvtk,PROD-0293
910,3,male,18.9,1,0,42.1,C,0,h70bchtajxgb,PROD-0129
911,3,female,23.7,2,0,8.19,S,1,0k3inf3fkc2v,PROD-0027
912,2,male,41.0,2,0,9.92,Q,0,f78rjk0j4nq1,PROD-0004
913,2,male,43.3,0,0,11.78,Q,0,27ihwtrlvp1h,PROD-0106
914,1,female,25.7,0,1,47.0,S,0,4z4k1mse7bl6,PROD-0156
915,2,male,49.8,0,0,59.82,C,0,hwpwlmfmy31y,PROD-0181
916,1,male,52.4,0,0,5.0,S,0,2b1efrycuu4g,PROD-0512
917,1,male,56.5,0,0,70.14,S,1,avv6hqgxm0ay,PROD-0305
918,1,male,42.9,1,0,46.09,S,0,ub7c8rpodfyf,PROD-0084
919,2,male,55.5,0,0,5.0,S,0,tr7i0wt5l4xo,PROD-0049
920,1,female,6.8,2,2,33.18,S,1,xxh59qnkakny,PROD-0078
921,2,female,30.2,0,0,26.87,S,0,5esr5z94tabl,PROD-0188
922,3,female,22.0,0,0,22.31,S,1,agiwi0fc0ce8,PROD-0443
923,3,male,36.8,2,1,5.0,S,0,vrjytbog71v2,PROD-0029
924,2,male,26.4,1,2,31.31,C,1,g09dm1ptw2rw,PROD-0243
925,2,male,32.5,0,2,23.33,S,0,su1lhh5p83ur,PROD-0268
926,2,male,63.2,0,0,9.42,C,1,jrhb9ndqpxpy,PROD-0089
927,2,male,32.5,0,0,17.84,C,1,lfs8sc57nuy2,PROD-0035
928,3,male,41.2,0,0,44.08,C,1,erctuk1ykulu,PROD-0138
929,1,male,31.5,0,1,5.0,S,0,bhzv4yjlg6na,PROD-0091
930,3,male,36.1,0,1,16.41,C,1,rsw2kun1egaa,PROD-0476
931,1,male,35.1,1,1,55.17,C,0,ma93xbwgfv2e,PROD-0550
932,3,female,41.7,0,0,16.82,C,0,ycl7ogzrvurw,PROD-0373
933,2,male,52.5,1,0,58.75,C,0,p3tfpa9wkk2k,PROD-0455
934,1,female,59.7,1,0,5.37,S,1,ousdrg45cnvx,PROD-0456
935,3,male,39.6,0,0,44.26,S,1,gbzr3nf4mri8,PROD-0526
936,1,male,43.8,0,0,83.31,C,0,c87vws37e580,PROD-0058
937,3,male,17.7,0,0,5.0,S,0,hp2d6ce2w69d,PROD-0598
938,2,male,33.7,1,0,52.9,C,0,tpcj8a08vgq9,PROD-0274
939,1,male,49.1,1,1,9.08,S,0,ckrgcuqwu4rt,PROD-0325
940,1,male,48.0,1,1,5.0,S,0,uo4eyxbrln2l,PROD-0478
941,3,female,38.2,0,1,5.0,S,0,b32bf34n7wpu,PROD-0296
942,2,male,48.3,0,1,15.58,S,0,0ob1610h1s6r,PROD-0159
943,3,male,42.4,0,1,5.0,Q,0,rzcyq5m0p1x3,PROD-0011
944,3,female,53.0,0,0,8.44,S,0,8g5lozss7afw,PROD-0101
945,3,male,39.3,1,0,15.66,S,0,t94j2wlnutjy,PROD-0050
946,2,female,29.7,0,0,17.59,S,1,bmxg8lunqsxy,PROD-0229
947,3,male,40.0,0,0,6.95,Q,0,8ufiryggjsel,PROD-0467
948,3,male,1.0,0,0,11.48,S,0,p2liw69kpuc9,PROD-0200
949,1,male,40.7,0,1,6.06,S,0,02r9xgqx1y6o,PROD-0358
950,2,male,1.0,1,1,8.36,S,1,dndxjbjr7gdd,PROD-0111
951,1,female,9.1,0,2,35.93,S,1,y5hfd4chvo2d,PROD-0354
952,2,male,41.8,2,3,16.04,Q,1,77c2ka0h9k2c,PROD-0572
953,3,male,42.2,1,2,40.97,Q,1,85qcwu9gl3qo,PROD-0189
954,2,male,17.6,2,0,8.3,S,0,mps9p79yo08t,PROD-0289
955,2,female,24.3,1,1,5.0,S,1,0gafpk5cg8qk,PROD-0577
956,2,female,55.6,1,1,23.14,S,1,4n6ueg07ciho,PROD-0364
957,1,female,27.7,1,1,37.73,S,1,t7jwccyfllsq,PROD-0239
958,2,female,68.6,0,0,5.0,S,1,zt02i6wwsizt,PROD-0072
959,3,female,35.0,0,0,33.95,S,0,4d83kmb72val,PROD-0562
960,2,male,41.1,0,2,5.0,S,0,kqeu10yc5tzh,PROD-0366
961,2,female,59.3,0,0,10.77,C,0,ui28jgr2ybfk,PROD-0034
962,3,male,37.0,0,0,24.46,S,0,l8ny5qa8gxp3,PROD-0333
963,1,male,20.0,2,0,5.0,S,1,92h0l0w9cwed,PROD-0581
964,2,female,33.4,0,0,29.26,S,1,1x2v8v5yj93w,PROD-0559
965,1,male,34.5,0,0,22.83,S,1,ncttxejjmv6u,PROD-0117
966,3,male,14.5,1,3,32.16,S,1,ysjf5wyowex4,PROD-0247
967,3,male,31.2,0,1,5.0,S,0,sv3bx6i0szlq,PROD-0591
968,2,male,23.9,2,2,8.73,S,0,xjif18mgmmmw,PROD-0469
969,1,female,48.9,0,0,49.38,C,1,otnht6j2cjx2,PROD-0336
970,1,male,35.5,2,0,5.0,C,1,pm0a623ctr64,PROD-0182
971,2,female,30.8,1,0,52.24,Q,0,6coajpaeov3d,PROD-0457
972,2,male,33.4,0,0,39.14,S,1,1y9vuuhuhna8,PROD-0347
973,3,female,38.3,0,0,5.0,S,1,6l87egm1487o,PROD-0314
974,3,male,44.3,0,1,5.02,S,0,xn41v9k9x1t0,PROD-0556
975,2,female,20.0,0,3,45.08,S,1,yzfdoqxulfb2,PROD-0226
976,3,male,19.4,0,0,19.81,Q,0,yu9wngl4q47n,PROD-0375
977,3,male,51.6,4,0,16.45,Q,0,9fguvlv6beul,PROD-0026
978,2,male,28.8,0,0,9.34,S,0,2qxc0etb80wk,PROD-0426
979,2,male,13.7,1,0,17.17,S,0,x6qpndehqf6u,PROD-0328
980,3,male,41.7,0,0,13.31,S,0,h7hjdpydoynw,PROD-0525
981,1,female,42.0,4,0,15.86,S,0,knltr6kd82w6,PROD-0199
982,3,female,12.0,0,0,53.3,Q,1,zjdzec7woe75,PROD-0555
983,1,female,38.4,0,0,5.0,S,0,xpmmlb1vx855,PROD-0345
984,2,male,46.0,0,1,65.61,S,0,rez1w3w69o7r,PROD-0124
985,3,male,40.6,0,0,10.14,S,0,1jf5g3vxljvv,PROD-0096
986,2,female,44.5,1,0,9.96,S,0,gnfejbm0o6q3,PROD-0117
987,2,female,13.9,0,0,33.95,S,1,bkkszxp7kg1j,PROD-0181
988,2,male,40.0,0,0,58.89,C,0,99e92inqfrqb,PROD-0330
989,1,female,30.5,0,0,24.52,S,1,m67lqbn9ssbe,PROD-0520
990,1,male,27.8,1,1,8.29,S,0,h62egd3e62in,PROD-0597
991,2,female,48.1,0,2,5.0,S,0,j0fit7ct92my,PROD-0406
992,2,female,57.2,0,0,16.2,S,0,7u5dzpm0oehm,PROD-0294
993,2,female,61.9,0,0,5.0,S,1,yv1y3x6crz1q,PROD-0367
994,1,male,54.7,0,0,57.15,S,0,3ab48weat2yx,PROD-0198
995,3,female,33.4,0,0,10.41,S,0,wq6degbcwlzk,PROD-0146
996,2,male,40.3,2,0,38.78,S,0,q0r416s3mqiq,PROD-0322
997,2,female,46.5,0,1,49.1,C,1,eccnoo64pw71,PROD-0496
998,2,male,36.8,1,0,25.75,S,1,7mf6hx8q4tki,PROD-0038
999,1,female,37.0,0,0,39.7,Q,1,bpre57rz7emb,PROD-0066
1000,3,female,47.4,0,0,25.04,S,1,i47luj1fw5ai,PROD-0106
